sp,d.tpos,d.tneg,d.fpos,d.fneg,global.count,EA_0.25_cells
Acanthophoenix_rubra,5,12,0,0,4412,7
Acoelorrhaphe_wrightii,228,166,34,13,8412,76
Acrocomia_aculeata,357,158,109,6,44015,254
Acrocomia_emensis,4,13,0,0,8877,4
Acrocomia_glaucescens,5,14,0,0,3657,3
Acrocomia_hassleri,25,26,0,0,15343,17
Acrocomia_intumescens,10,13,0,0,21078,10
Acrocomia_totai,18,25,1,2,31272,18
Actinokentia_divaricata,34,35,0,0,4537,14
Actinokentia_huerlimannii,3,7,0,0,1986,2
Actinorhytis_calapparia,13,13,2,0,13728,12
Adonidia_merrillii,21,16,8,0,40035,23
Aiphanes_acaulis,6,13,0,0,7898,4
Aiphanes_bicornis,2,14,0,0,925,2
Aiphanes_buenaventurae,1,12,0,0,628,1
Aiphanes_chiribogensis,27,37,0,0,4259,7
Aiphanes_deltoidea,16,26,1,0,3276,12
Aiphanes_duquei,4,12,0,0,336,3
Aiphanes_eggersii,11,14,0,0,997,7
Aiphanes_erinacea,7,14,0,0,1150,19
Aiphanes_gelatinosa,10,13,0,0,2718,6
Aiphanes_graminifolia,2,13,0,0,108,1
Aiphanes_grandis,12,13,0,0,1144,4
Aiphanes_hirsuta,106,91,10,2,3731,41
Aiphanes_horrida,141,108,19,16,17602,94
Aiphanes_leiostachys,2,12,0,0,1176,1
Aiphanes_lindeniana,57,58,1,3,3548,30
Aiphanes_linearis,24,24,1,2,647,14
Aiphanes_macroloba,36,33,5,0,2652,14
Aiphanes_minima,9,13,0,0,5430,5
Aiphanes_multiplex,1,12,0,0,157,1
Aiphanes_parvifolia,14,26,0,0,4809,4
Aiphanes_pilaris,3,13,0,0,112,1
Aiphanes_simplex,64,62,1,0,1305,24
Aiphanes_spicata,4,14,0,0,147,3
Aiphanes_tricuspidata,32,36,1,1,9339,21
Aiphanes_ulei,156,132,2,3,6067,77
Aiphanes_verrucosa,12,13,0,0,884,3
Aiphanes_weberbaueri,48,58,2,5,9639,34
Allagoptera_arenaria,80,82,2,7,5100,61
Allagoptera_brevicalyx,31,38,0,0,12305,19
Allagoptera_campestris,268,163,42,8,12226,142
Allagoptera_caudescens,71,72,0,1,9066,47
Allagoptera_leucocalyx,112,93,9,5,10674,89
Ammandra_decasperma,56,49,1,0,6087,23
Aphandra_natalia,64,56,5,0,9848,27
Archontophoenix_alexandrae,110,80,12,1,33897,77
Archontophoenix_cunninghamiana,1075,918,62,42,14563,159
Archontophoenix_maxima,10,14,0,0,3458,4
Archontophoenix_myolensis,2,8,0,0,4862,1
Archontophoenix_purpurea,18,23,0,0,10645,3
Archontophoenix_tuckeri,30,34,1,0,14270,14
Areca_caliso,4,12,1,0,5539,4
Areca_catechu,32,16,21,0,68928,33
Areca_concinna,1,13,0,0,445,1
Areca_furcata,2,12,0,0,892,2
Areca_insignis,3,12,0,0,884,3
Areca_jugahpunya,1,5,0,0,162,1
Areca_kinabaluensis,6,12,0,0,3264,6
Areca_laosensis,3,13,0,0,3019,3
Areca_macrocalyx,53,43,13,0,18962,41
Areca_minuta,19,23,1,0,8427,16
Areca_novohibernica,13,14,1,0,3260,11
Areca_oxycarpa,2,7,0,0,4946,2
Areca_rheophytica,5,13,0,0,3935,4
Areca_songthanhensis,1,12,0,0,6968,1
Areca_triandra,16,22,3,3,17599,17
Areca_vestiaria,15,14,2,0,7497,12
Areca_vidaliana,3,12,0,0,8806,2
Arenga_australasica,5,7,0,0,7442,10
Arenga_brevipes,3,12,0,0,1764,2
Arenga_caudata,71,70,8,2,22109,55
Arenga_distincta,1,5,0,0,1056,1
Arenga_engleri,30,32,5,2,19366,25
Arenga_hastata,2,13,0,0,2964,2
Arenga_hookeriana,8,12,1,0,13192,6
Arenga_microcarpa,47,33,10,0,37556,48
Arenga_obtusifolia,2,13,0,0,1158,2
Arenga_pinnata,33,26,11,0,33104,31
Arenga_retroflorescens,1,12,0,0,1010,1
Arenga_tremula,119,89,19,0,2865,15
Arenga_undulatifolia,9,14,1,0,6932,8
Arenga_westerhoutii,26,17,7,0,17244,24
Asterogyne_guianensis,3,12,0,0,3657,3
Asterogyne_martiana,68,61,5,1,7976,38
Astrocaryum_acaule,75,62,8,1,9350,57
Astrocaryum_aculeatissimum,54,49,3,2,8235,42
Astrocaryum_aculeatum,185,133,20,9,16272,143
Astrocaryum_alatum,63,64,3,1,10224,40
Astrocaryum_campestre,82,71,6,1,19142,66
Astrocaryum_carnosum,1,13,0,0,964,1
Astrocaryum_chambira,210,164,3,7,4896,99
Astrocaryum_chonta,49,57,0,0,2644,13
Astrocaryum_ciliatum,28,35,1,0,6488,14
Astrocaryum_confertum,10,12,0,0,3582,4
Astrocaryum_faranae,46,48,0,0,2327,14
Astrocaryum_farinosum,1,13,0,0,431,1
Astrocaryum_ferrugineum,5,13,0,0,4208,5
Astrocaryum_gratum,63,55,4,0,3048,19
Astrocaryum_huaimi,19,24,2,0,15921,17
Astrocaryum_jauari,111,93,8,5,11868,66
Astrocaryum_javarense,26,25,0,0,3188,10
Astrocaryum_macrocalyx,55,61,0,2,3320,30
Astrocaryum_malybo,36,36,4,0,18719,25
Astrocaryum_mexicanum,102,82,17,7,4767,48
Astrocaryum_minus,1,14,0,0,248,1
Astrocaryum_murumuru,82,74,5,2,10363,64
Astrocaryum_paramaca,10,14,0,0,10673,9
Astrocaryum_perangustatum,7,13,1,0,14367,4
Astrocaryum_rodriguesii,4,13,0,0,5684,3
Astrocaryum_sciophilum,14,26,0,0,10035,11
Astrocaryum_sociale,4,14,0,0,824,3
Astrocaryum_standleyanum,62,59,5,1,15505,37
Astrocaryum_triandrum,4,13,0,0,2426,3
Astrocaryum_ulei,8,14,0,0,13628,8
Astrocaryum_urostachys,82,81,0,0,4202,41
Astrocaryum_vulgare,38,46,5,2,19472,34
Attalea_allenii,80,72,7,0,6655,40
Attalea_amygdalina,11,13,0,0,15898,7
Attalea_amylacea,2,13,0,0,12558,2
Attalea_anisitsiana,1,13,0,0,255,1
Attalea_apoda,5,13,0,0,15032,5
Attalea_attaleoides,13,14,0,0,8420,6
Attalea_barreirensis,25,26,0,1,15988,18
Attalea_bassleriana,9,12,0,0,8019,9
Attalea_brasiliensis,3,13,0,0,13786,3
Attalea_brejinhoensis,7,14,0,0,2107,6
Attalea_burretiana,33,36,2,1,8829,26
Attalea_butyracea,97,94,4,6,11251,142
Attalea_cephalotus,8,14,0,1,11977,9
Attalea_cohune,48,58,2,12,6280,37
Attalea_colenda,35,38,2,1,12083,19
Attalea_compta,13,13,0,0,25734,7
Attalea_crassispatha,3,13,0,0,9548,2
Attalea_cuatrecasana,22,24,1,0,10998,11
Attalea_dahlgreniana,5,12,1,0,10128,5
Attalea_dubia,12,14,0,0,16035,10
Attalea_eichleri,48,53,4,1,10736,39
Attalea_exigua,11,12,0,0,15678,11
Attalea_funifera,34,36,0,0,3121,20
Attalea_geraensis,50,49,3,2,18882,39
Attalea_guacuyule,9,13,0,0,29415,7
Attalea_guianensis,4,13,0,0,8487,4
Attalea_humilis,34,40,1,0,8721,24
Attalea_iguadummat,7,13,0,0,4208,3
Attalea_insignis,119,98,7,2,12037,69
Attalea_luetzelburgii,17,27,0,0,6988,10
Attalea_magdalenica,1,12,0,0,5108,1
Attalea_maracaibensis,2,14,0,0,1500,2
Attalea_maripa,179,144,14,9,11841,130
Attalea_maripensis,1,12,0,0,858,1
Attalea_microcarpa,87,84,5,0,7630,55
Attalea_moorei,2,14,0,0,3010,2
Attalea_nucifera,16,24,1,0,13365,14
Attalea_oleifera,14,25,1,0,10494,13
Attalea_osmantha,1,13,0,0,86,1
Attalea_phalerata,154,124,7,6,4999,132
Attalea_pindobassu,18,25,2,0,11026,13
Attalea_plowmanii,40,40,0,0,3692,15
Attalea_princeps,9,13,0,0,16048,9
Attalea_racemosa,107,105,3,3,4796,50
Attalea_rostrata,62,63,8,4,13728,47
Attalea_salazarii,2,13,0,0,800,2
Attalea_seabrensis,13,24,0,0,1311,11
Attalea_speciosa,23,23,4,0,28334,19
Attalea_spectabilis,5,14,0,0,30375,5
Attalea_tessmannii,42,45,2,0,9601,20
Attalea_vitrivir,19,26,1,0,12350,13
Bactris_acanthocarpa,257,171,24,11,17607,180
Bactris_acanthocarpoides,30,35,2,0,15265,25
Bactris_ana-juliae,5,12,0,0,1621,2
Bactris_aubletiana,29,38,0,0,9127,17
Bactris_bahiensis,25,27,0,0,9093,21
Bactris_balanophora,45,47,1,1,10395,34
Bactris_barronis,55,48,2,0,9618,31
Bactris_bidentula,72,67,7,0,11077,49
Bactris_bifida,74,74,0,1,5111,57
Bactris_brongniartii,110,104,8,8,8761,100
Bactris_campestris,15,24,1,0,10385,11
Bactris_caryotifolia,29,36,0,0,12833,22
Bactris_caudata,19,25,0,0,15236,12
Bactris_charnleyae,7,13,0,0,6702,3
Bactris_chaveziae,53,58,2,0,9007,29
Bactris_coloniata,43,49,1,0,8689,18
Bactris_coloradonis,120,104,5,3,8063,53
Bactris_concinna,143,107,7,0,8428,104
Bactris_constanciae,11,14,0,0,14534,10
Bactris_corossilla,164,120,16,4,12267,107
Bactris_cubensis,1,13,0,0,10953,1
Bactris_cuspidata,12,14,0,0,15789,9
Bactris_dianeura,62,68,1,0,2447,19
Bactris_elegans,4,14,0,0,1610,4
Bactris_faucium,5,13,0,0,6953,3
Bactris_ferruginea,38,37,0,0,7212,28
Bactris_fissifrons,90,86,4,3,8190,56
Bactris_gasipaes,207,127,48,4,19255,156
Bactris_gastoniana,20,27,0,0,12466,14
Bactris_glandulosa,92,87,7,1,11252,36
Bactris_glassmanii,16,25,0,0,6485,14
Bactris_glaucescens,41,48,3,1,5412,32
Bactris_gracilior,75,76,1,0,5441,29
Bactris_grayumii,23,27,0,0,5407,13
Bactris_guineensis,79,76,9,11,9549,53
Bactris_halmoorei,42,39,0,0,7287,16
Bactris_hatschbachii,3,13,0,0,5010,3
Bactris_herrerana,16,26,0,0,6927,6
Bactris_hirta,292,207,24,4,12548,198
Bactris_horridispatha,7,13,0,0,31663,6
Bactris_killipii,118,103,4,2,3790,48
Bactris_kunorum,9,13,0,0,8977,4
Bactris_longiseta,4,13,0,0,13709,3
Bactris_macroacantha,145,131,16,0,5179,66
Bactris_major,255,171,48,27,21515,179
Bactris_maraja,304,217,22,7,14769,322
Bactris_martiana,11,13,0,0,11696,11
Bactris_mexicana,135,105,13,2,12954,76
Bactris_militaris,20,28,0,0,9019,10
Bactris_nancibaensis,1,13,0,0,460,1
Bactris_oligocarpa,37,46,2,0,12558,27
Bactris_oligoclada,28,27,0,0,11033,22
Bactris_panamensis,16,26,0,0,3812,7
Bactris_pickelii,39,36,0,0,4891,26
Bactris_pilosa,61,59,7,0,10381,33
Bactris_pliniana,5,12,0,0,9503,5
Bactris_plumeriana,7,13,0,0,5128,7
Bactris_polystachya,12,13,0,0,12194,7
Bactris_ptariana,15,23,2,0,17899,11
Bactris_rhaphidacantha,6,12,0,0,11070,5
Bactris_riparia,47,47,3,3,17412,39
Bactris_schultesii,137,117,4,2,3836,54
Bactris_setiflora,4,13,0,0,333,3
Bactris_setosa,109,103,6,5,8977,86
Bactris_setulosa,103,86,10,9,10256,74
Bactris_simplicifrons,292,194,23,6,11149,304
Bactris_soeiroana,1,14,0,0,1530,2
Bactris_sphaerocarpa,32,39,0,0,3657,17
Bactris_syagroides,6,13,0,0,10951,6
Bactris_tefensis,2,14,0,0,1107,2
Bactris_timbuiensis,10,13,0,0,5818,2
Bactris_tomentosa,24,24,2,0,9601,20
Bactris_turbinocarpa,1,14,0,0,55,1
Bactris_vulgaris,55,59,2,1,7468,39
Barcella_odora,13,13,0,0,9143,7
Basselinia_deplanchei,36,42,0,0,1473,11
Basselinia_eriostachys,5,7,0,0,4698,5
Basselinia_favieri,2,8,0,0,3013,1
Basselinia_glabrata,9,14,0,0,12487,4
Basselinia_gracilis,81,84,0,0,431,19
Basselinia_humboldtiana,5,7,0,0,581,4
Basselinia_iterata,4,8,0,0,13942,1
Basselinia_pancheri,74,77,0,0,2546,25
Basselinia_porphyrea,3,7,0,0,879,2
Basselinia_sordida,10,14,0,0,1551,5
Basselinia_tomentosa,5,7,0,0,5251,2
Basselinia_velutina,9,15,0,0,1039,4
Basselinia_vestita,5,7,0,0,4729,1
Beccariophoenix_alfredii,3,12,0,0,39209,2
Beccariophoenix_madagascariensis,30,36,0,0,8210,13
Bentinckia_nicobarica,3,13,0,0,3586,2
Bismarckia_nobilis,23,32,4,2,33760,23
Borassodendron_borneense,3,13,0,0,251,2
Borassodendron_machadonis,2,12,0,0,18152,2
Borassus_aethiopum,1273,933,104,17,20747,186
Borassus_akeassii,13,24,0,0,11941,7
Borassus_flabellifer,12,12,1,0,35110,10
Borassus_heineanus,7,8,0,0,1559,4
Borassus_madagascariensis,18,24,0,0,9273,13
Brahea_aculeata,67,57,10,1,11859,22
Brahea_armata,78,66,10,3,21175,37
Brahea_brandegeei,47,62,5,0,18936,18
Brahea_calcarea,111,84,29,7,21981,36
Brahea_decumbens,37,47,1,1,5853,11
Brahea_dulcis,354,274,37,112,6578,142
Brahea_edulis,6,17,0,0,7826,7
Brahea_moorei,57,57,4,0,5286,14
Brahea_pimo,71,67,3,4,3725,26
Brahea_salvadorensis,19,24,1,0,5183,8
Brahea_sarukhanii,27,26,0,0,2107,5
Brassiophoenix_drymophloeoides,15,20,1,0,5036,8
Brassiophoenix_schumannii,4,7,0,0,5003,5
Burretiokentia_dumasii,2,7,0,0,711,1
Burretiokentia_grandiflora,3,8,0,0,3983,1
Burretiokentia_hapala,5,7,0,0,3682,2
Burretiokentia_koghiensis,3,8,0,0,692,1
Burretiokentia_vieillardii,43,48,1,0,398,13
Butia_archeri,31,37,0,0,3718,18
Butia_campicola,13,14,0,0,16759,9
Butia_capitata,53,47,14,0,24677,46
Butia_catarinensis,9,14,0,0,10801,9
Butia_eriospatha,29,38,0,0,6286,24
Butia_exospadix,7,14,0,0,620,6
Butia_lallemantii,3,13,0,0,8692,3
Butia_leptospatha,1,13,0,0,3,1
Butia_marmorii,4,13,0,0,2311,4
Butia_microspadix,17,22,2,0,6151,12
Butia_noblickii,1,13,0,0,980,1
Butia_odorata,15,25,1,0,25537,12
Butia_paraguayensis,126,101,12,2,2502,72
Butia_purpurascens,9,13,0,0,1802,5
Butia_yatay,30,36,1,0,5687,22
Calamus_acanthochlamys,8,13,0,0,3242,6
Calamus_acanthospathus,4,13,0,0,14160,4
Calamus_acaulis,2,12,0,0,75,1
Calamus_acuminatus,36,33,3,0,3922,20
Calamus_altiscandens,1,7,0,0,1953,1
Calamus_amplijugus,24,25,0,0,3587,18
Calamus_anomalus,4,8,0,0,2741,2
Calamus_arborescens,3,13,0,0,21668,3
Calamus_aruensis,68,51,13,0,25086,59
Calamus_ashtonii,4,13,0,0,2311,4
Calamus_asperrimus,1,13,0,0,4,1
Calamus_australis,104,101,11,2,15331,44
Calamus_axillaris,1,13,0,0,401,1
Calamus_bachmaensis,1,13,0,0,3998,1
Calamus_bacularis,8,13,0,0,2477,7
Calamus_benkulensis,1,13,0,0,544,1
Calamus_bicolor,1,13,0,0,1487,1
Calamus_bimaniferus,2,12,0,0,8799,2
Calamus_blumei,53,58,3,0,5537,39
Calamus_bousigonii,5,13,0,0,20493,5
Calamus_brassii,3,8,0,0,5233,3
Calamus_brevifolius,2,8,0,0,477,2
Calamus_caesius,37,36,1,1,4005,29
Calamus_caryotoides,108,104,8,1,19613,34
Calamus_castaneus,2,13,0,0,5896,2
Calamus_centralis,5,12,0,0,6854,3
Calamus_ceratophorus,1,13,0,0,1162,1
Calamus_ciliaris,2,13,0,0,2876,2
Calamus_compsostachys,1,12,0,0,83,1
Calamus_comptus,13,13,0,0,4257,12
Calamus_congestiflorus,2,13,0,0,11033,2
Calamus_conirostris,32,32,5,0,4374,26
Calamus_conjugatus,2,13,0,0,503,1
Calamus_convallium,16,23,1,0,11324,14
Calamus_corrugatus,6,13,0,0,1724,6
Calamus_crassifolius,1,13,0,0,883,1
Calamus_crispus,1,12,0,0,5478,1
Calamus_cuthbertsonii,1,7,0,0,676,1
Calamus_dasyacanthus,3,7,0,0,2103,3
Calamus_deerratus,62,66,6,2,19849,51
Calamus_delicatulus,1,13,0,0,1850,1
Calamus_dianbaiensis,1,13,0,0,2464,1
Calamus_didymocarpus,3,7,0,0,3648,3
Calamus_diepenhorstii,12,13,0,0,3476,9
Calamus_dimorphacanthus,2,13,0,0,12750,2
Calamus_dioicus,1,12,0,0,12,1
Calamus_discolor,1,12,0,0,2787,1
Calamus_distentus,2,8,0,0,1903,2
Calamus_divaricatus,25,32,2,0,2829,18
Calamus_egregius,1,13,0,0,56,1
Calamus_elopurensis,15,24,0,0,5512,11
Calamus_equestris,1,8,0,0,526,1
Calamus_erectus,5,13,0,0,8937,4
Calamus_erinaceus,6,12,0,0,2846,6
Calamus_erioacanthus,11,12,0,0,2434,5
Calamus_essigii,7,7,0,0,2116,2
Calamus_exilis,1,13,0,0,211,1
Calamus_eximius,4,8,0,0,660,5
Calamus_fertilis,10,12,2,0,3470,9
Calamus_filipendulus,1,13,0,0,1297,1
Calamus_flabellatus,47,42,4,1,6330,32
Calamus_flagellum,3,13,0,0,2810,3
Calamus_formosanus,11,12,0,1,2682,8
Calamus_gibbsianus,31,36,1,1,1163,8
Calamus_gonospermus,22,23,2,0,3526,15
Calamus_gracilis,5,11,0,0,10992,5
Calamus_guruba,4,12,0,0,12279,4
Calamus_harmandii,1,12,0,0,6832,1
Calamus_henryanus,25,34,2,0,15685,24
Calamus_hepburnii,1,12,0,0,1233,1
Calamus_heteracanthus,14,13,2,0,13737,18
Calamus_hispidulus,13,21,1,0,1128,11
Calamus_humboldtianus,17,21,0,0,6683,11
Calamus_hypertrichosus,1,12,0,0,1599,1
Calamus_hypoleucus,1,13,0,0,3942,1
Calamus_insignis,7,11,1,0,15629,6
Calamus_javensis,121,112,8,8,4229,76
Calamus_karuensis,2,13,0,0,3204,2
Calamus_kiahii,10,13,0,0,3122,8
Calamus_klossii,4,8,0,0,752,4
Calamus_koordersianus,1,7,0,0,5422,1
Calamus_laevigatus,66,64,3,0,4007,46
Calamus_lambirensis,4,13,0,0,1132,3
Calamus_lateralis,1,13,0,0,8497,1
Calamus_latifolius,2,13,0,0,1106,2
Calamus_leloi,4,12,1,0,4119,4
Calamus_leptospadix,1,12,0,0,136,1
Calamus_leptostachys,1,8,0,0,947,1
Calamus_lobbianus,7,13,0,0,1269,4
Calamus_longipinna,16,13,2,0,8123,13
Calamus_longisetus,8,13,0,0,10025,4
Calamus_macrochlamys,13,14,1,3,5098,13
Calamus_macrorhynchus,9,13,0,0,16246,7
Calamus_macrosphaerion,1,7,0,0,2580,1
Calamus_maiadum,1,12,0,0,78,1
Calamus_manan,2,13,0,0,3278,2
Calamus_manillensis,3,13,0,0,2819,2
Calamus_marginatus,65,66,7,1,4078,43
Calamus_mattanensis,16,24,0,0,4126,11
Calamus_maturbongsii,1,7,0,0,360,1
Calamus_megaphyllus,2,13,0,0,152,2
Calamus_melanorhynchus,1,13,0,0,549,1
Calamus_merrillii,3,13,0,0,1533,3
Calamus_mesilauensis,6,13,0,0,1319,3
Calamus_metzianus,1,13,0,0,4257,1
Calamus_microcarpus,3,13,0,0,929,3
Calamus_microsphaerion,1,12,0,0,258,1
Calamus_minahassae,11,12,2,0,16371,9
Calamus_modestus,1,13,0,0,1446,1
Calamus_moti,45,50,0,5,18084,25
Calamus_muelleri,667,668,11,6,3501,44
Calamus_multinervis,2,13,0,0,113,2
Calamus_multisetosus,5,7,0,0,6561,4
Calamus_multispicatus,3,13,0,0,12750,3
Calamus_muricatus,33,34,2,2,5594,24
Calamus_myriacanthus,23,25,0,0,3934,20
Calamus_nambariensis,10,12,1,0,22704,9
Calamus_nanodendron,2,12,0,0,1621,2
Calamus_nematospadix,9,11,1,0,3468,7
Calamus_nielsenii,1,13,0,0,1227,1
Calamus_oligostachys,1,12,0,0,9468,1
Calamus_optimus,24,23,3,0,5407,19
Calamus_ornatus,38,32,5,0,8974,32
Calamus_orthostachyus,1,7,0,0,331,1
Calamus_ovoideus,1,13,0,0,9061,1
Calamus_oxleyanus,19,22,2,0,12234,13
Calamus_oxycarpus,1,13,0,0,1815,1
Calamus_pachypus,9,13,1,0,11149,8
Calamus_pachystemonus,1,13,0,0,4804,1
Calamus_palustris,20,23,1,0,7683,18
Calamus_pandanosmus,5,12,0,0,5222,5
Calamus_paspalanthus,38,43,4,0,5237,27
Calamus_paulii,1,13,0,0,2150,1
Calamus_penicillatus,1,12,0,0,31,1
Calamus_peregrinus,6,12,1,0,17409,5
Calamus_pilosellus,16,24,0,0,1718,10
Calamus_pilosissimus,1,8,0,0,17284,1
Calamus_platyspathus,3,12,0,0,3874,3
Calamus_poensis,1,13,0,0,36,1
Calamus_pogonacanthus,2,12,0,0,667,2
Calamus_poilanei,5,12,0,0,19891,5
Calamus_polycladus,1,7,0,0,683,1
Calamus_praetermissus,23,25,1,0,5946,18
Calamus_prattianus,1,7,0,0,146,1
Calamus_pseudomollis,1,7,0,0,2189,1
Calamus_pseudotenuis,1,13,0,0,417,1
Calamus_pseudoulur,10,12,1,0,8859,8
Calamus_psilocladus,1,13,0,0,436,1
Calamus_pygmaeus,4,12,0,0,5028,2
Calamus_radicalis,34,35,0,0,11313,16
Calamus_reticulatus,5,7,0,0,2583,4
Calamus_rhabdocladus,32,33,6,0,21231,31
Calamus_rhytidomus,6,11,0,0,3562,4
Calamus_robinsonianus,1,7,0,0,1910,1
Calamus_rotang,2,12,0,0,9014,2
Calamus_rudentum,6,12,0,0,10167,7
Calamus_ruvidus,3,12,1,0,4241,3
Calamus_sabalensis,3,12,0,0,1062,1
Calamus_salicifolius,1,12,0,0,235,1
Calamus_samian,2,13,0,0,2772,2
Calamus_sarawakensis,15,24,0,0,3163,10
Calamus_scabridulus,1,13,0,0,1181,1
Calamus_schistoacanthus,1,13,0,0,2280,1
Calamus_schlechterianus,8,13,1,0,3158,6
Calamus_scipionum,22,20,4,0,5369,16
Calamus_scleracanthus,4,7,0,0,6762,3
Calamus_semoi,5,12,1,0,1985,4
Calamus_siamensis,4,13,0,0,17450,4
Calamus_simplicifolius,2,12,0,0,4927,2
Calamus_solitarius,1,12,0,0,758,1
Calamus_sordidus,15,25,1,0,3683,11
Calamus_speciosissimus,1,12,0,0,468,1
Calamus_spectabilis,1,12,0,0,581,1
Calamus_subinermis,8,12,0,0,8071,6
Calamus_temburongii,2,12,0,0,6361,1
Calamus_tenompokensis,18,25,1,0,3237,7
Calamus_tenuis,3,12,0,0,2458,3
Calamus_tetradactyloides,2,12,0,0,7591,2
Calamus_tetradactylus,28,35,2,0,16667,25
Calamus_thwaitesii,1,12,0,0,2154,1
Calamus_thysanolepis,8,12,0,0,10781,8
Calamus_tomentosus,3,12,0,0,1780,2
Calamus_trachycoleus,3,13,0,0,1637,2
Calamus_unifarius,1,12,0,0,4083,1
Calamus_usitatus,3,13,0,0,1306,4
Calamus_vestitus,7,8,0,0,2815,7
Calamus_viminalis,10,13,0,0,17401,7
Calamus_viridispinus,2,13,0,0,3951,2
Calamus_viridissimus,2,12,0,0,119,2
Calamus_vitiensis,27,25,3,0,10177,21
Calamus_walkeri,9,12,0,0,11935,9
Calamus_wanggaii,1,7,0,0,2093,1
Calamus_warburgii,31,30,5,1,14113,23
Calamus_zebrinus,27,24,5,0,17561,21
Calamus_zollingeri,2,8,0,0,2748,2
Calamus_zonatus,38,44,3,0,3512,26
Calyptrocalyx_albertisianus,22,24,4,0,15889,19
Calyptrocalyx_elegans,3,7,0,0,499,4
Calyptrocalyx_flabellatus,1,7,0,0,2482,1
Calyptrocalyx_forbesii,7,7,0,0,4753,8
Calyptrocalyx_geonomiformis,2,7,0,0,4294,2
Calyptrocalyx_hollrungii,12,14,0,0,5014,9
Calyptrocalyx_julianettii,2,8,0,0,4735,2
Calyptrocalyx_lauterbachianus,9,13,1,0,5849,9
Calyptrocalyx_laxiflorus,1,8,0,0,56,1
Calyptrocalyx_lepidotus,1,7,0,0,4100,1
Calyptrocalyx_leptostachys,1,8,0,0,512,1
Calyptrocalyx_merrillianus,2,7,0,0,1734,2
Calyptrocalyx_micholitzii,5,7,0,0,2353,4
Calyptrocalyx_multifidus,1,7,0,0,423,2
Calyptrocalyx_pachystachys,3,8,0,0,5584,3
Calyptrocalyx_pusillus,3,8,0,0,176,3
Calyptrocalyx_sessiliflorus,4,7,0,0,3268,4
Calyptrocalyx_spicatus,2,7,0,0,3814,2
Calyptrogyne_allenii,54,50,0,1,1339,8
Calyptrogyne_anomala,18,27,0,0,3860,5
Calyptrogyne_baudensis,7,13,0,0,1512,4
Calyptrogyne_coloradensis,2,13,0,0,431,1
Calyptrogyne_condensata,14,14,0,0,10949,5
Calyptrogyne_costatifrons,97,92,1,0,3049,17
Calyptrogyne_deneversii,9,14,0,0,2839,2
Calyptrogyne_fortunensis,6,13,0,0,376,3
Calyptrogyne_ghiesbreghtiana,235,192,12,8,6610,74
Calyptrogyne_herrerae,8,13,0,0,98,2
Calyptrogyne_kunorum,3,13,0,0,3114,1
Calyptrogyne_osensis,23,25,0,0,3931,7
Calyptrogyne_panamensis,54,51,0,0,2086,11
Calyptrogyne_pubescens,4,13,0,0,696,1
Calyptrogyne_sanblasensis,4,14,0,0,6301,2
Calyptrogyne_trichostachys,55,59,0,0,5178,12
Calyptrogyne_tutensis,12,13,0,0,2956,2
Calyptronoma_occidentalis,1,13,0,0,624,1
Calyptronoma_plumeriana,5,14,0,0,3467,4
Calyptronoma_rivalis,9,14,0,0,6546,7
Carpentaria_acuminata,41,41,1,1,1514,26
Caryota_albertii,29,28,1,1,23498,11
Caryota_cumingii,1,13,0,0,355,1
Caryota_kiriwongensis,1,12,0,0,368,1
Caryota_maxima,20,22,3,0,28295,21
Caryota_mitis,55,34,24,1,33127,52
Caryota_monostachya,30,33,3,1,13018,28
Caryota_obtusa,8,12,0,0,11199,6
Caryota_rumphiana,32,22,7,0,26808,32
Caryota_sympetala,15,22,2,1,13213,12
Caryota_urens,55,40,17,2,41216,52
Caryota_zebrina,2,8,0,0,2492,3
Ceratolobus_concolor,39,35,2,0,4194,30
Ceratolobus_discolor,20,21,3,0,3577,16
Ceratolobus_subangulatus,41,46,2,0,3593,31
Ceroxylon_alpinum,19,24,0,0,666,8
Ceroxylon_amazonicum,20,26,0,0,522,5
Ceroxylon_ceriferum,12,13,0,0,1201,7
Ceroxylon_echinulatum,23,24,0,0,2587,10
Ceroxylon_parvifrons,60,61,2,6,2488,33
Ceroxylon_parvum,11,14,0,0,4117,6
Ceroxylon_peruvianum,1,14,0,0,139,1
Ceroxylon_pityrophyllum,19,25,2,0,10969,16
Ceroxylon_quindiuense,66,73,1,0,979,31
Ceroxylon_sasaimae,6,14,0,0,354,3
Ceroxylon_ventricosum,16,27,1,0,3940,7
Ceroxylon_vogelianum,98,99,4,6,4004,42
Chamaedorea_adscendens,3,13,0,0,6889,3
Chamaedorea_allenii,73,67,2,2,9263,39
Chamaedorea_alternans,21,25,0,0,5576,8
Chamaedorea_amabilis,19,26,0,0,4344,11
Chamaedorea_anemophila,18,28,0,0,1321,10
Chamaedorea_angustisecta,102,84,12,2,11195,56
Chamaedorea_arenbergiana,37,34,4,0,17337,22
Chamaedorea_benziei,3,13,0,0,6012,3
Chamaedorea_binderi,4,13,0,0,1052,2
Chamaedorea_brachyclada,29,36,0,0,8479,11
Chamaedorea_brachypoda,1,14,0,0,2018,1
Chamaedorea_carchensis,5,14,0,0,2201,5
Chamaedorea_cataractarum,27,35,2,1,30768,17
Chamaedorea_christinae,3,13,0,0,819,3
Chamaedorea_correae,34,38,0,0,4473,9
Chamaedorea_costaricana,303,251,29,42,9333,105
Chamaedorea_crucensis,55,62,0,0,5175,11
Chamaedorea_dammeriana,154,126,6,6,4607,34
Chamaedorea_deckeriana,143,119,1,0,3157,43
Chamaedorea_deneversiana,45,45,2,2,6760,18
Chamaedorea_elatior,140,110,19,15,24621,57
Chamaedorea_elegans,287,174,35,7,23166,107
Chamaedorea_ernesti-augusti,240,161,34,20,7019,78
Chamaedorea_falcifera,1,14,0,0,73,1
Chamaedorea_foveata,2,13,0,0,7130,2
Chamaedorea_fractiflexa,1,13,0,0,440,1
Chamaedorea_fragrans,12,12,0,0,16373,10
Chamaedorea_frondosa,2,13,0,0,11589,2
Chamaedorea_geonomiformis,72,77,8,7,4770,35
Chamaedorea_glaucifolia,28,33,6,4,14538,15
Chamaedorea_graminifolia,37,30,7,0,27261,24
Chamaedorea_guntheriana,3,12,0,0,1828,2
Chamaedorea_hodelii,48,49,0,0,425,14
Chamaedorea_hooperiana,3,14,0,0,4354,2
Chamaedorea_ibarrae,8,13,0,0,1260,4
Chamaedorea_incrustata,9,14,0,0,902,4
Chamaedorea_keelerorum,1,13,0,0,2011,1
Chamaedorea_klotzschiana,18,26,1,1,25203,9
Chamaedorea_liebmannii,51,56,5,3,10435,27
Chamaedorea_linearis,403,285,26,38,11237,172
Chamaedorea_lucidifrons,63,60,1,0,4511,26
Chamaedorea_macrospadix,149,125,0,5,3965,41
Chamaedorea_matae,53,50,0,0,5205,11
Chamaedorea_metallica,24,22,2,0,43614,12
Chamaedorea_microphylla,3,14,0,0,2437,2
Chamaedorea_microspadix,26,45,0,0,4105,14
Chamaedorea_murriensis,3,13,0,0,612,2
Chamaedorea_neurochlamys,109,105,10,19,8036,48
Chamaedorea_nubium,75,76,2,2,14334,30
Chamaedorea_oblongata,134,113,10,13,10911,127
Chamaedorea_oreophila,28,34,4,0,1827,14
Chamaedorea_palmeriana,87,80,0,3,3274,22
Chamaedorea_parvifolia,36,38,0,0,6203,12
Chamaedorea_parvisecta,1,13,0,0,807,1
Chamaedorea_pauciflora,331,236,22,15,9190,171
Chamaedorea_pinnatifrons,524,320,100,50,11665,637
Chamaedorea_piscifolia,8,13,0,0,1560,3
Chamaedorea_pittieri,22,26,0,0,2397,7
Chamaedorea_plumosa,2,14,0,0,3409,1
Chamaedorea_pochutlensis,70,65,13,1,27607,35
Chamaedorea_ponderosa,5,13,0,0,6168,3
Chamaedorea_pumila,59,60,2,0,5645,28
Chamaedorea_pygmaea,45,47,3,1,3185,18
Chamaedorea_radicalis,55,67,2,2,11621,25
Chamaedorea_recurvata,4,14,0,0,1582,1
Chamaedorea_ricardoi,11,13,0,0,4371,7
Chamaedorea_robertii,43,52,0,0,3866,18
Chamaedorea_rojasiana,26,35,1,1,7786,14
Chamaedorea_rosibeliae,1,14,0,0,55,1
Chamaedorea_rossteniorum,25,25,0,0,9171,7
Chamaedorea_sartorii,31,39,0,2,6196,14
Chamaedorea_scheryi,76,69,2,0,3256,26
Chamaedorea_schiedeana,110,94,9,6,6250,34
Chamaedorea_schippii,10,14,0,0,7786,7
Chamaedorea_seifrizii,125,111,8,13,1798,89
Chamaedorea_serpens,12,13,0,0,454,3
Chamaedorea_simplex,9,12,0,0,18541,5
Chamaedorea_skutchii,1,14,0,0,40,1
Chamaedorea_smithii,1,14,0,0,215,1
Chamaedorea_stenocarpa,7,13,0,0,2802,5
Chamaedorea_stolonifera,7,13,1,0,11355,5
Chamaedorea_stricta,5,12,0,0,15708,3
Chamaedorea_subjectifolia,16,25,0,0,5050,6
Chamaedorea_tenerrima,1,13,0,0,700,1
Chamaedorea_tepejilote,340,279,23,55,11241,190
Chamaedorea_tuerckheimii,15,25,0,0,9518,8
Chamaedorea_undulatifolia,46,48,0,0,1133,13
Chamaedorea_verecunda,4,14,0,0,158,2
Chamaedorea_vulgata,2,12,0,0,1184,2
Chamaedorea_warscewiczii,102,81,7,0,7237,38
Chamaedorea_woodsoniana,60,64,7,6,5026,38
Chamaedorea_zamorae,52,48,1,0,6559,13
Chamaerops_humilis,1229,1045,18,14,17376,331
Chambeyronia_lepidota,8,8,0,0,1256,1
Chambeyronia_macrocarpa,22,28,0,0,2084,13
Chelyocarpus_chuco,12,14,0,0,13444,10
Chelyocarpus_dianeurus,32,36,0,0,4644,12
Chelyocarpus_repens,18,28,0,0,3121,9
Chelyocarpus_ulei,85,84,2,2,8851,41
Chuniophoenix_hainanensis,3,13,0,0,2889,3
Clinosperma_bracteale,21,21,0,0,2436,11
Clinosperma_lanuginosa,9,14,0,0,434,3
Clinosperma_macrocarpa,2,8,0,0,427,1
Clinosperma_vaginata,15,15,0,0,3714,5
Clinostigma_collegarum,3,7,0,0,334,1
Clinostigma_gronophyllum,1,8,0,0,19,1
Coccothrinax_argentata,15,26,0,0,7048,10
Coccothrinax_argentea,20,24,3,0,16321,15
Coccothrinax_barbadensis,14,10,4,0,41512,13
Coccothrinax_boschiana,1,13,0,0,128,1
Coccothrinax_ekmanii,1,12,0,0,70,2
Coccothrinax_jamaicensis,1,14,0,0,1869,1
Coccothrinax_miraguama,4,13,0,0,18002,5
Coccothrinax_readii,64,62,0,0,2016,23
Coccothrinax_rigida,1,13,0,0,7754,1
Coccothrinax_scoparia,3,14,0,0,3681,2
Coccothrinax_spissa,7,12,0,0,2160,5
Coccothrinax_yuraguana,3,12,0,0,1661,1
Cocos_nucifera,558,199,194,23,62649,438
Colpothrinax_aphanopetala,8,12,0,0,3013,5
Colpothrinax_cookii,20,26,0,0,1904,12
Copernicia_alba,91,91,10,15,3550,74
Copernicia_baileyana,3,14,0,0,5117,3
Copernicia_berteroana,6,14,0,0,11898,6
Copernicia_brittonorum,1,14,0,0,748,1
Copernicia_cowellii,4,13,0,0,4428,4
Copernicia_curbeloi,1,12,0,0,257,1
Copernicia_curtissii,7,13,0,0,5061,5
Copernicia_ekmanii,1,13,0,0,1402,1
Copernicia_gigas,1,13,0,0,149,1
Copernicia_glabrescens,6,13,0,0,8480,4
Copernicia_hospita,2,14,0,0,11003,2
Copernicia_prunifera,48,47,4,5,10775,38
Copernicia_rigida,1,13,0,0,3428,1
Copernicia_tectorum,18,22,3,1,16169,17
Copernicia_yarey,2,14,0,0,7963,2
Corypha_lecomtei,3,13,0,0,14380,2
Corypha_umbraculifera,4,13,0,0,20501,4
Corypha_utan,46,42,7,2,14162,28
Cryosophila_bartlettii,3,14,0,0,4258,1
Cryosophila_cookii,5,14,0,0,1378,2
Cryosophila_grayumii,26,26,0,0,13118,9
Cryosophila_guagara,31,37,2,0,2803,10
Cryosophila_kalbreyeri,30,35,3,0,18454,21
Cryosophila_macrocarpa,3,14,0,0,747,1
Cryosophila_nana,7,12,1,0,16063,5
Cryosophila_stauracantha,52,52,0,0,3866,69
Cryosophila_warscewiczii,109,100,1,4,4042,39
Cryosophila_williamsii,7,13,0,0,2615,3
Cyphokentia_cerifera,8,8,0,0,3764,4
Cyphokentia_macrostachya,12,14,0,0,2094,5
Cyphophoenix_alba,10,14,0,0,602,3
Cyphophoenix_elegans,8,8,0,0,12218,2
Cyphophoenix_fulcita,9,15,0,0,1008,4
Cyphosperma_balansae,8,14,0,0,1827,4
Cyrtostachys_bakeri,1,7,0,0,320,1
Cyrtostachys_elegans,1,8,0,0,628,1
Cyrtostachys_glauca,1,7,0,0,1472,1
Cyrtostachys_loriae,18,19,3,0,13697,16
Cyrtostachys_renda,11,13,0,0,9423,9
Daemonorops_acamptostachys,12,13,0,0,2416,8
Daemonorops_angustifolia,2,12,0,0,3634,2
Daemonorops_asteracantha,4,12,1,0,2723,4
Daemonorops_atra,18,21,3,0,4684,13
Daemonorops_banggiensis,1,13,0,0,304,1
Daemonorops_collarifera,19,24,0,0,2600,15
Daemonorops_cristata,18,25,0,0,3554,12
Daemonorops_depressiuscula,2,12,0,0,453,2
Daemonorops_didymophylla,58,53,6,0,9612,45
Daemonorops_draco,2,12,0,0,1738,2
Daemonorops_elongata,16,24,0,0,6710,12
Daemonorops_fissa,44,43,3,0,4732,37
Daemonorops_fissilis,1,12,0,0,2,1
Daemonorops_formicaria,17,25,0,0,3203,13
Daemonorops_geniculata,3,12,0,0,7673,3
Daemonorops_grandis,3,13,0,0,26233,3
Daemonorops_hirsuta,13,22,2,0,5148,12
Daemonorops_ingens,30,36,1,1,4235,23
Daemonorops_jenkinsiana,42,56,4,8,12495,43
Daemonorops_korthalsii,50,54,6,0,5403,35
Daemonorops_kunstleri,4,13,0,0,9718,4
Daemonorops_longipes,92,87,6,0,5384,53
Daemonorops_longispatha,12,23,1,1,3031,7
Daemonorops_longistipes,23,22,3,0,4731,17
Daemonorops_macrophylla,1,13,0,0,230,1
Daemonorops_macroptera,2,7,0,0,3555,1
Daemonorops_maculata,8,13,0,0,2536,7
Daemonorops_melanochaetes,2,12,0,0,294,2
Daemonorops_micracantha,10,11,1,0,5781,8
Daemonorops_microstachys,33,37,2,0,3709,25
Daemonorops_mirabilis,3,12,0,0,3153,2
Daemonorops_mollis,2,13,0,0,9650,2
Daemonorops_mollispina,1,12,0,0,916,1
Daemonorops_nuichuaensis,1,12,0,0,1085,1
Daemonorops_oblata,8,13,0,0,1012,6
Daemonorops_oblonga,1,13,0,0,5390,1
Daemonorops_oligophylla,1,13,0,0,525,1
Daemonorops_oxycarpa,15,24,1,0,3074,10
Daemonorops_periacantha,36,35,1,0,4244,25
Daemonorops_poilanei,4,13,0,0,6902,4
Daemonorops_pumila,1,13,0,0,381,1
Daemonorops_riedeliana,3,7,0,0,1132,3
Daemonorops_ruptilis,19,24,0,0,3118,15
Daemonorops_sabut,66,61,7,1,8793,50
Daemonorops_sarasinorum,3,7,0,0,6097,3
Daemonorops_scapigera,9,12,0,0,2582,8
Daemonorops_sepal,3,13,0,0,7637,3
Daemonorops_serpentina,3,12,0,0,1656,3
Daemonorops_sparsiflora,68,64,7,0,3822,46
Daemonorops_spectabilis,9,13,0,0,2242,4
Daemonorops_unijuga,2,13,0,0,1538,1
Daemonorops_urdanetana,1,13,0,0,252,1
Daemonorops_verticillaris,3,12,0,0,8039,3
Deckenia_nobilis,1,12,0,0,1994,2
Desmoncus_chinantlensis,182,129,25,8,5140,92
Desmoncus_cirrhiferus,30,33,4,0,11239,16
Desmoncus_costaricensis,8,13,0,0,8952,7
Desmoncus_giganteus,138,112,5,2,10260,64
Desmoncus_interjectus,3,13,0,0,2475,2
Desmoncus_kunarius,3,14,0,0,439,2
Desmoncus_loretanus,4,14,0,0,632,3
Desmoncus_madrensis,7,14,0,0,4209,5
Desmoncus_mitis,237,168,13,3,6807,150
Desmoncus_moorei,24,26,0,0,5243,17
Desmoncus_obovoideus,5,14,0,0,2438,2
Desmoncus_orthacanthos,211,160,25,23,16282,143
Desmoncus_osensis,5,13,0,0,3267,4
Desmoncus_phoenicocarpus,7,12,2,0,16813,7
Desmoncus_polyacanthos,396,241,45,32,17098,283
Desmoncus_stans,24,26,0,0,5836,5
Dictyocaryum_lamarckianum,67,68,1,5,2981,50
Dictyocaryum_ptarianum,19,26,1,0,7399,10
Dictyosperma_album,7,12,0,0,6655,9
Dransfieldia_micrantha,4,8,0,0,348,3
Drymophloeus_litigiosus,13,13,1,0,6306,12
Drymophloeus_oliviformis,9,14,0,1,25509,10
Dypsis_acaulis,3,12,0,0,5880,4
Dypsis_acuminum,6,12,0,0,11376,6
Dypsis_ambanjae,4,12,0,0,2172,3
Dypsis_ambilaensis,3,12,0,0,5393,4
Dypsis_ambositrae,11,12,0,0,1479,4
Dypsis_andapae,5,12,0,0,4197,4
Dypsis_andilamenensis,1,13,0,0,1376,1
Dypsis_andrianatonga,19,24,0,0,11516,6
Dypsis_angusta,9,13,0,0,15080,4
Dypsis_angustifolia,11,13,0,0,7257,4
Dypsis_ankaizinensis,1,13,0,0,950,1
Dypsis_ankirindro,2,12,0,0,1752,2
Dypsis_antanambensis,2,12,0,0,3502,1
Dypsis_aquatilis,3,12,0,0,4089,1
Dypsis_arenarum,3,12,0,0,10999,4
Dypsis_baronii,71,70,2,0,14081,31
Dypsis_basilonga,2,12,0,0,5011,1
Dypsis_beentjei,2,12,0,0,13168,2
Dypsis_bejofo,14,24,0,0,10428,7
Dypsis_bernieriana,7,12,0,0,2507,7
Dypsis_betamponensis,5,12,0,0,8007,1
Dypsis_betsimisarakae,1,12,0,0,2092,1
Dypsis_boiviniana,10,12,0,0,19503,9
Dypsis_bonsai,16,24,0,0,9384,10
Dypsis_bosseri,3,12,0,0,3566,2
Dypsis_brevicaulis,10,12,0,0,3297,5
Dypsis_brittiana,1,12,0,0,955,1
Dypsis_cabadae,1,12,0,0,216,2
Dypsis_canaliculata,5,12,0,0,14315,3
Dypsis_carlsmithii,1,12,0,0,3537,1
Dypsis_catatiana,83,83,1,0,12148,39
Dypsis_ceracea,14,24,0,0,5928,9
Dypsis_commersoniana,2,12,0,0,3934,1
Dypsis_concinna,50,57,3,0,9160,18
Dypsis_confusa,24,24,0,0,9562,15
Dypsis_cookei,2,12,0,0,28464,2
Dypsis_coriacea,16,26,0,0,6195,10
Dypsis_corniculata,12,12,0,0,11821,6
Dypsis_coursii,11,12,0,0,5033,6
Dypsis_crinita,21,24,0,0,6085,15
Dypsis_culminis,4,12,0,0,9162,3
Dypsis_curtisii,5,12,0,0,9493,5
Dypsis_decaryi,24,22,2,0,27643,15
Dypsis_decipiens,28,36,0,0,11948,17
Dypsis_delicatula,5,12,0,0,5871,1
Dypsis_digitata,3,12,0,0,17218,3
Dypsis_dracaenoides,5,12,0,0,8166,3
Dypsis_dransfieldii,1,12,0,0,1740,1
Dypsis_elegans,4,12,0,0,11792,3
Dypsis_eriostachys,5,13,0,0,3598,3
Dypsis_faneva,5,12,0,0,5662,5
Dypsis_fanjana,10,12,0,0,9706,6
Dypsis_fasciculata,15,24,0,0,5249,12
Dypsis_fibrosa,77,70,3,0,18417,42
Dypsis_forficifolia,49,60,0,0,4730,24
Dypsis_furcata,2,13,0,0,10910,3
Dypsis_gautieri,4,12,0,0,2266,1
Dypsis_glabrescens,7,12,0,0,5692,5
Dypsis_gronophyllum,4,12,0,0,6118,2
Dypsis_henrici,2,12,0,0,8559,1
Dypsis_heteromorpha,8,13,0,0,8108,5
Dypsis_heterophylla,53,59,1,0,8649,26
Dypsis_hiarakae,12,12,0,0,22924,10
Dypsis_hildebrandtii,76,83,0,0,3642,21
Dypsis_hovomantsina,10,12,0,0,3092,8
Dypsis_humbertii,14,24,0,0,8560,8
Dypsis_humilis,2,12,0,0,3405,2
Dypsis_ifanadianae,1,12,0,0,4428,1
Dypsis_integra,12,12,0,0,4303,9
Dypsis_intermedia,1,12,0,0,8843,1
Dypsis_interrupta,3,12,0,0,18042,2
Dypsis_jeremiei,1,12,0,0,1219,1
Dypsis_jumelleana,23,24,0,0,9123,9
Dypsis_laevis,1,12,0,0,1399,1
Dypsis_lanceolata,7,12,0,0,7781,5
Dypsis_lantzeana,15,24,0,0,9593,11
Dypsis_lanuginosa,3,12,0,0,2892,3
Dypsis_lastelliana,35,35,1,0,23046,22
Dypsis_leptocheilos,10,12,0,0,10672,6
Dypsis_ligulata,2,12,0,0,7236,1
Dypsis_linearis,33,34,2,0,13776,24
Dypsis_lokohoensis,15,24,0,0,16410,10
Dypsis_louvelii,20,24,0,0,5823,8
Dypsis_lutea,6,12,0,0,23294,5
Dypsis_lutescens,83,63,22,0,21224,78
Dypsis_madagascariensis,80,91,4,6,12430,47
Dypsis_mahia,2,13,0,0,4264,1
Dypsis_makirae,2,12,0,0,1597,1
Dypsis_malcomberi,8,12,0,0,7042,4
Dypsis_mananjarensis,25,35,1,0,8378,14
Dypsis_mangorensis,6,12,0,0,4264,5
Dypsis_marojejyi,10,12,0,0,16507,5
Dypsis_mcdonaldiana,4,12,0,0,13141,4
Dypsis_metallica,3,12,0,0,15413,2
Dypsis_minuta,9,12,0,0,4419,4
Dypsis_mirabilis,4,12,0,0,14917,3
Dypsis_mocquerysiana,20,24,0,0,7305,11
Dypsis_monostachya,1,12,0,0,4967,1
Dypsis_montana,6,12,0,0,4400,2
Dypsis_moorei,2,12,0,0,9725,2
Dypsis_nauseosa,6,12,0,0,12274,5
Dypsis_nodifera,141,126,6,2,8237,65
Dypsis_nossibensis,1,12,0,0,4172,1
Dypsis_occidentalis,9,12,0,0,25273,6
Dypsis_onilahensis,31,36,0,2,18618,26
Dypsis_oreophila,20,24,0,0,4976,11
Dypsis_oropedionis,4,12,0,0,11571,4
Dypsis_ovobontsira,3,12,0,0,5446,1
Dypsis_pachyramea,7,12,0,0,5667,5
Dypsis_paludosa,17,24,0,0,10677,11
Dypsis_pembana,3,12,0,0,8518,1
Dypsis_perrieri,25,36,0,0,10684,15
Dypsis_pervillei,2,12,0,0,7111,1
Dypsis_pilulifera,21,24,0,0,11042,14
Dypsis_pinnatifrons,99,102,6,0,8377,53
Dypsis_plurisecta,1,12,0,0,877,1
Dypsis_poivreana,12,12,0,0,14709,3
Dypsis_prestoniana,5,12,0,0,8050,3
Dypsis_procera,17,24,0,0,7854,11
Dypsis_procumbens,45,47,1,3,14202,28
Dypsis_psammophila,11,13,0,0,14688,7
Dypsis_pulchella,5,12,0,0,6853,5
Dypsis_pumila,6,12,0,0,1649,3
Dypsis_pusilla,8,12,0,0,6441,5
Dypsis_ramentacea,1,12,0,0,18683,1
Dypsis_reflexa,1,13,0,0,4,1
Dypsis_remotiflora,3,12,0,0,11280,3
Dypsis_rivularis,14,24,0,0,11787,6
Dypsis_sahanofensis,8,13,0,0,4139,6
Dypsis_saintelucei,10,12,0,0,14889,4
Dypsis_sanctaemariae,2,12,0,0,1180,1
Dypsis_scandens,3,13,0,0,1568,1
Dypsis_schatzii,8,12,0,0,13521,2
Dypsis_scottiana,47,48,0,0,5641,7
Dypsis_serpentina,9,12,0,0,13946,7
Dypsis_simianensis,8,12,0,0,4039,6
Dypsis_singularis,3,12,0,0,2073,1
Dypsis_soanieranae,3,12,0,0,22127,2
Dypsis_spicata,25,35,1,0,10247,12
Dypsis_tanalensis,1,12,0,0,3374,2
Dypsis_tenuissima,7,12,0,0,2855,5
Dypsis_thermarum,21,24,0,0,3292,4
Dypsis_thiryana,31,35,0,0,10901,20
Dypsis_tokoravina,7,13,0,0,17018,5
Dypsis_trapezoidea,5,12,0,0,2792,1
Dypsis_tsaratananensis,2,12,0,0,339,1
Dypsis_tsaravoasira,22,24,0,0,7383,14
Dypsis_turkii,7,12,0,0,3046,4
Dypsis_utilis,17,24,0,0,26665,9
Dypsis_viridis,15,24,0,0,5728,11
Dypsis_vonitrandambo,1,12,0,0,9,1
Elaeis_guineensis,1239,1114,24,182,2237,213
Elaeis_oleifera,135,117,15,13,17368,103
Eleiodoxa_conferta,5,11,1,0,6791,4
Eremospatha_barendii,1,12,0,0,8074,1
Eremospatha_cabrae,14,23,1,0,9227,12
Eremospatha_cuspidata,16,24,0,1,14601,12
Eremospatha_dransfieldii,6,12,0,0,20296,6
Eremospatha_haullevilleana,41,43,5,0,19492,26
Eremospatha_hookeri,29,35,1,0,9745,26
Eremospatha_laurentii,22,24,0,0,11852,20
Eremospatha_macrocarpa,111,101,17,0,15454,61
Eremospatha_quinquecostulata,8,12,0,0,23064,7
Eremospatha_tessmanniana,1,12,0,0,12594,1
Eremospatha_wendlandiana,26,34,2,1,18704,20
Eugeissona_tristis,1,12,0,0,17,1
Eugeissona_utilis,3,13,0,0,1184,2
Euterpe_broadwayi,3,14,0,0,1566,2
Euterpe_catinga,48,47,3,0,11788,68
Euterpe_edulis,172,142,11,15,9260,132
Euterpe_longibracteata,6,13,0,0,8954,6
Euterpe_luminosa,8,13,0,0,3649,4
Euterpe_oleracea,95,84,16,4,15681,94
Euterpe_precatoria,337,222,21,20,14237,442
Gaussia_attenuata,3,14,0,0,4222,2
Gaussia_gomez-pompae,5,14,0,0,16613,5
Gaussia_maya,38,40,1,0,6245,17
Geonoma_aspidiifolia,28,37,1,0,15257,18
Geonoma_baculifera,85,79,5,2,14359,70
Geonoma_braunii,1,13,0,0,6901,1
Geonoma_brenesii,14,25,0,0,5310,4
Geonoma_brongniartii,185,155,6,3,9258,163
Geonoma_calyptrogynoidea,27,38,0,0,8698,21
Geonoma_camana,186,150,6,2,6950,101
Geonoma_chlamydostachys,13,13,0,0,13023,5
Geonoma_chococola,33,37,0,0,8481,15
Geonoma_concinna,24,24,0,0,9290,11
Geonoma_concinnoidea,23,25,0,0,4203,9
Geonoma_congesta,246,173,11,12,9383,92
Geonoma_cuneata,518,294,48,24,11213,204
Geonoma_deneversii,2,13,0,0,3037,1
Geonoma_deversa,189,152,12,6,15039,475
Geonoma_dindoensis,1,13,0,0,3096,1
Geonoma_divisa,21,26,0,0,1864,10
Geonoma_elegans,221,156,21,4,12041,121
Geonoma_epetiolata,44,51,0,0,1753,10
Geonoma_euspatha,62,55,4,1,16877,41
Geonoma_ferruginea,184,142,5,7,4312,45
Geonoma_fosteri,5,14,0,0,653,2
Geonoma_frontinensis,9,13,0,0,1488,7
Geonoma_galeanoae,5,14,0,0,2215,3
Geonoma_hollinensis,1,13,0,0,309,1
Geonoma_hugonis,20,25,0,0,1709,7
Geonoma_interrupta,396,252,47,24,16637,248
Geonoma_lanata,13,13,1,0,8933,6
Geonoma_laxiflora,56,54,3,3,5793,42
Geonoma_lehmannii,68,72,0,2,2750,28
Geonoma_leptospadix,135,99,16,4,15452,84
Geonoma_longipedunculata,32,39,1,0,2893,25
Geonoma_longivaginata,8,13,0,0,3509,6
Geonoma_macrostachys,285,183,16,2,8927,355
Geonoma_maxima,229,164,12,10,12599,308
Geonoma_monospatha,16,26,0,0,8126,6
Geonoma_mooreana,24,27,0,0,7185,5
Geonoma_multisecta,25,26,0,0,4665,17
Geonoma_occidentalis,14,23,1,0,1892,11
Geonoma_oldemanii,8,14,0,0,5295,7
Geonoma_oligoclona,13,24,1,1,5765,12
Geonoma_orbignyana,420,287,12,46,5216,179
Geonoma_paradoxa,18,26,1,0,4939,11
Geonoma_pauciflora,87,78,4,4,6879,48
Geonoma_peruviana,1,14,0,0,271,1
Geonoma_pinnatifrons,181,135,27,20,15157,132
Geonoma_poeppigiana,139,106,11,3,3722,79
Geonoma_pohliana,121,101,12,8,9999,226
Geonoma_poiteauana,20,24,1,0,14309,18
Geonoma_sanmartinensis,4,14,0,0,1125,2
Geonoma_santanderensis,4,13,0,0,813,2
Geonoma_schizocarpa,8,13,0,0,2292,3
Geonoma_schottiana,297,192,28,5,7817,165
Geonoma_scoparia,28,27,0,0,1873,4
Geonoma_simplicifrons,8,11,1,0,27716,8
Geonoma_spinescens,2,14,0,0,843,2
Geonoma_stricta,311,238,13,19,8581,357
Geonoma_talamancana,9,13,0,0,1670,5
Geonoma_tenuissima,3,13,0,0,3094,2
Geonoma_triandra,24,26,0,0,7023,17
Geonoma_triglochin,51,59,1,3,8449,29
Geonoma_trigona,8,13,0,0,18071,6
Geonoma_umbraculiformis,7,13,0,0,8428,5
Geonoma_undata,233,185,9,25,4888,242
Geonoma_venosa,2,14,0,0,345,1
Guihaia_argyrata,7,13,0,0,11252,7
Hedyscepe_canterburyana,2,8,0,0,1075,2
Hemithrinax_compacta,1,14,0,0,547,1
Hemithrinax_ekmaniana,1,13,0,0,12,1
Heterospathe_annectens,1,8,0,0,3043,1
Heterospathe_compsoclada,2,8,0,0,546,1
Heterospathe_elegans,35,31,5,1,7754,20
Heterospathe_elmeri,1,13,0,0,167,1
Heterospathe_intermedia,1,13,0,0,4727,1
Heterospathe_lepidota,2,7,0,0,1502,2
Heterospathe_macgregorii,5,7,0,0,4414,4
Heterospathe_minor,2,8,0,0,375,3
Heterospathe_muelleriana,5,7,0,0,550,5
Heterospathe_obriensis,6,8,0,0,4202,5
Heterospathe_parviflora,1,7,0,0,950,1
Heterospathe_pulchra,1,7,0,0,410,1
Heterospathe_pullenii,1,7,0,0,677,1
Heterospathe_sibuyanensis,1,12,0,0,6,1
Heterospathe_sphaerocarpa,3,7,0,0,11654,2
Howea_belmoreana,5,7,0,0,913,5
Howea_forsteriana,25,21,1,1,14750,20
Hydriastele_beccariana,5,6,1,0,24521,4
Hydriastele_beguinii,6,8,0,0,4915,3
Hydriastele_biakensis,1,7,0,0,831,1
Hydriastele_brassii,3,7,0,0,6597,3
Hydriastele_cariosa,1,8,0,0,323,1
Hydriastele_chaunostachys,10,14,0,0,1757,7
Hydriastele_costata,34,34,2,1,10848,28
Hydriastele_dransfieldii,2,7,0,0,268,2
Hydriastele_flabellata,1,8,0,0,563,1
Hydriastele_gibbsiana,1,7,0,0,82,1
Hydriastele_hombronii,1,7,0,0,2564,1
Hydriastele_longispatha,6,7,0,0,1564,6
Hydriastele_manusii,2,8,0,0,3165,1
Hydriastele_micrantha,1,8,0,0,695,1
Hydriastele_microspadix,22,19,3,1,27157,18
Hydriastele_moluccana,2,7,0,0,2222,2
Hydriastele_pinangoides,30,19,12,0,46620,30
Hydriastele_ramsayi,28,27,1,0,2129,21
Hydriastele_rhopalocarpa,3,7,0,0,2907,3
Hydriastele_valida,2,7,0,0,684,1
Hydriastele_wendlandiana,120,100,13,6,22313,70
Hyophorbe_amaricaulis,1,13,0,0,4472,1
Hyophorbe_indica,1,12,0,0,396,1
Hyophorbe_lagenicaulis,5,12,0,0,36808,8
Hyophorbe_verschaffeltii,5,13,0,0,6743,7
Hyospathe_elegans,291,188,24,7,11276,364
Hyospathe_frontinensis,14,26,0,0,1586,5
Hyospathe_macrorhachis,13,14,0,0,3863,10
Hyospathe_peruviana,5,14,0,0,1197,2
Hyphaene_compressa,6,11,1,0,21818,6
Hyphaene_coriacea,47,43,5,1,32868,42
Hyphaene_guineensis,2,12,0,0,379,3
Hyphaene_petersiana,36,29,8,0,3092,33
Hyphaene_reptans,6,12,0,0,578,2
Hyphaene_thebaica,294,196,85,4,36611,57
Iguanura_bicornis,1,13,0,0,372,1
Iguanura_macrostachya,5,13,0,0,2131,5
Iguanura_melinauensis,1,12,0,0,441,1
Iguanura_polymorpha,11,13,0,0,8850,9
Iguanura_prolifera,1,13,0,0,659,1
Iguanura_wallichiana,11,21,1,1,9519,11
Iriartea_deltoidea,237,157,24,3,15967,282
Iriartella_setigera,183,152,14,5,10317,165
Iriartella_stenocarpa,123,113,5,1,5648,65
Itaya_amicorum,38,39,0,0,3188,18
Johannesteijsmannia_altifrons,1,12,0,0,1901,1
Jubaea_chilensis,14,18,0,0,13761,10
Jubaeopsis_caffra,5,12,0,0,1833,5
Kentiopsis_magnifica,6,7,0,0,3756,1
Kentiopsis_oliviformis,7,7,0,0,9233,4
Kentiopsis_piersoniorum,2,8,0,0,745,1
Kentiopsis_pyriformis,5,8,0,0,3409,3
Kerriodoxa_elegans,2,18,2,0,40313,2
Korthalsia_angustifolia,5,12,0,0,4884,3
Korthalsia_brassii,3,7,0,0,6570,3
Korthalsia_celebica,4,7,0,0,5890,3
Korthalsia_cheb,12,13,0,0,4082,9
Korthalsia_concolor,1,13,0,0,585,1
Korthalsia_debilis,2,12,0,0,2357,2
Korthalsia_echinometra,20,26,0,0,2570,13
Korthalsia_ferox,12,12,0,0,2819,7
Korthalsia_flagellaris,1,13,0,0,19,1
Korthalsia_furtadoana,19,25,0,0,3514,15
Korthalsia_hispida,12,12,0,0,3201,8
Korthalsia_jala,9,13,0,0,7995,6
Korthalsia_laciniosa,7,12,0,0,16945,7
Korthalsia_merrillii,1,13,0,0,903,1
Korthalsia_rigida,18,24,1,0,9364,13
Korthalsia_robusta,11,12,0,0,8395,8
Korthalsia_rostrata,16,24,0,0,2847,10
Korthalsia_scortechinii,1,13,0,0,483,1
Korthalsia_zippelii,28,26,3,0,3793,25
Laccospadix_australasicus,85,77,1,3,12266,22
Laccosperma_acutiflorum,14,24,0,0,11353,10
Laccosperma_korupensis,3,12,0,0,2133,2
Laccosperma_laeve,30,34,2,0,16103,24
Laccosperma_opacum,55,55,5,0,15249,44
Laccosperma_robustum,30,35,2,0,16144,22
Laccosperma_secundiflorum,103,92,16,2,23982,61
Lanonia_acaulis,1,13,0,0,147,1
Lanonia_calciphila,10,13,0,0,7631,8
Lanonia_centralis,10,13,0,0,17511,9
Lanonia_dasyantha,6,12,0,0,10187,6
Lanonia_hexasepala,3,13,0,0,1310,1
Lanonia_magalonii,1,13,0,0,5,1
Latania_loddigesii,3,13,0,0,2617,5
Latania_lontaroides,3,13,0,0,32098,6
Lemurophoenix_halleuxii,9,12,0,0,13844,4
Leopoldinia_piassaba,20,24,0,0,4303,13
Leopoldinia_pulchra,75,69,10,1,7781,57
Lepidocaryum_tenue,113,107,1,1,1698,139
Leucothrinax_morrisii,32,30,7,0,11757,20
Licuala_atroviridis,2,13,0,0,7062,1
Licuala_bachmaensis,3,12,0,0,5691,2
Licuala_bacularia,1,8,0,0,104,1
Licuala_beccariana,16,21,0,0,8206,10
Licuala_bellatula,3,7,0,0,2088,3
Licuala_bidentata,4,13,0,0,18834,2
Licuala_bracteata,5,12,0,0,14968,3
Licuala_cameronensis,1,13,0,0,358,1
Licuala_campestris,1,13,0,0,1038,1
Licuala_concinna,1,7,0,0,2214,1
Licuala_corneri,1,12,0,0,302,1
Licuala_dakrongensis,1,13,0,0,3491,1
Licuala_ellipsoidalis,1,13,0,0,2622,1
Licuala_fordiana,7,13,0,0,6775,7
Licuala_glabra,3,12,0,0,2522,4
Licuala_grandiflora,2,7,0,0,3842,2
Licuala_grandis,10,13,0,0,29556,11
Licuala_lauterbachii,20,19,2,0,14576,14
Licuala_longiflora,1,13,0,0,2491,1
Licuala_magna,1,7,0,0,106,1
Licuala_malajana,4,13,0,0,3586,4
Licuala_manglaensis,1,13,0,0,2280,1
Licuala_montana,6,8,0,0,3075,6
Licuala_moyseyi,2,13,0,0,2365,1
Licuala_mustapana,1,12,0,0,1,1
Licuala_olivifera,6,12,0,0,2611,5
Licuala_orbicularis,1,13,0,0,102,1
Licuala_paludosa,1,13,0,0,3570,1
Licuala_parviflora,2,7,0,0,2625,2
Licuala_petiolulata,3,13,0,0,1653,3
Licuala_ramsayi,65,61,4,5,31402,35
Licuala_robinsoniana,1,13,0,0,3503,1
Licuala_spinosa,12,11,1,0,13631,12
Licuala_tanycola,6,7,0,0,353,2
Licuala_telifera,2,8,0,0,2561,3
Linospadix_albertisianus,49,38,12,0,13801,29
Linospadix_apetiolatus,55,56,0,0,9564,5
Linospadix_caninus,2,8,0,0,596,2
Linospadix_microcaryus,50,56,0,0,9633,13
Linospadix_minor,163,166,9,9,17639,26
Linospadix_monostachyos,1010,982,47,17,3952,89
Linospadix_palmerianus,33,35,1,0,12616,12
Livistona_alfredii,15,14,1,0,8856,9
Livistona_australis,998,771,35,31,4569,143
Livistona_benthamii,46,48,1,2,12230,33
Livistona_boninensis,1,17,0,0,374,1
Livistona_carinensis,9,12,0,0,1569,5
Livistona_chinensis,27,26,7,0,40267,29
Livistona_concinna,9,15,0,0,14914,3
Livistona_decora,79,56,8,2,18828,44
Livistona_drudei,7,8,0,0,14676,6
Livistona_eastonii,50,50,0,2,7545,13
Livistona_endauensis,2,13,0,0,373,2
Livistona_exigua,2,13,0,0,137,1
Livistona_fulva,8,14,0,0,679,3
Livistona_humilis,159,139,22,1,2598,75
Livistona_inermis,112,95,11,1,6491,49
Livistona_jenkinsiana,5,12,1,0,11036,5
Livistona_lanuginosa,25,29,0,0,2561,14
Livistona_lorophylla,64,61,2,2,15974,32
Livistona_mariae,30,28,1,0,2589,11
Livistona_muelleri,83,81,10,3,13225,50
Livistona_nasmophila,10,13,1,0,4840,7
Livistona_nitida,21,21,0,0,991,13
Livistona_rigida,59,54,3,3,6850,30
Livistona_saribus,11,12,1,0,10728,11
Livistona_speciosa,10,12,0,0,23518,8
Livistona_victoriae,57,56,1,0,6687,23
Lodoicea_maldivica,1,13,0,0,1547,2
Lytocaryum_hoehnei,17,26,0,0,5587,11
Lytocaryum_insigne,20,26,1,0,4930,10
Lytocaryum_weddellianum,6,12,0,0,9180,6
Manicaria_martiana,10,13,0,0,3812,7
Manicaria_saccifera,106,101,5,0,8703,56
Marojejya_darianii,18,24,0,0,3905,8
Marojejya_insignis,42,47,1,0,7488,17
Masoala_kona,13,24,0,0,7990,4
Masoala_madagascariensis,14,24,0,0,23127,11
Mauritia_carana,37,46,1,0,5875,23
Mauritia_flexuosa,168,128,26,7,13093,183
Mauritiella_aculeata,81,57,19,1,7038,67
Mauritiella_armata,136,107,16,8,20675,106
Mauritiella_macroclada,18,26,0,0,4200,10
Mauritiella_pumila,11,12,0,0,5931,10
Maxburretia_gracilis,4,12,0,0,1957,1
Medemia_argun,2,0,18,0,181988,4
Metroxylon_sagu,21,22,1,0,18108,14
Metroxylon_salomonense,2,7,0,0,1530,2
Metroxylon_vitiense,1,5,0,0,914,2
Myrialepis_paradoxa,5,12,0,0,8250,5
Nannorrhops_ritchieana,1,17,0,0,8988,1
Nenga_gajah,2,13,0,0,2185,1
Nenga_macrocarpa,1,13,0,0,3727,1
Nenga_pumila,1,12,0,0,1808,1
Neonicholsonia_watsonii,91,85,5,1,6560,33
Normanbya_normanbyi,37,42,0,0,16333,10
Nypa_fruticans,40,39,4,5,26704,47
Oenocarpus_bacaba,76,69,6,1,12039,65
Oenocarpus_balickii,66,64,5,0,8921,28
Oenocarpus_bataua,215,175,8,2,10288,285
Oenocarpus_circumtextus,5,13,0,0,14192,3
Oenocarpus_distichus,33,29,7,0,21912,29
Oenocarpus_makeru,1,13,0,0,1151,1
Oenocarpus_mapora,256,187,14,5,11647,186
Oenocarpus_minor,144,109,13,3,13702,99
Oenocarpus_simplex,3,13,0,0,3482,2
Oncocalamus_macrospathus,12,12,0,0,12482,10
Oncocalamus_mannii,24,24,0,0,19061,19
Oncocalamus_tuleyi,12,12,0,0,9969,10
Oncocalamus_wrightianus,5,12,0,0,1047,1
Oncosperma_fasciculatum,1,13,0,0,1089,1
Oncosperma_horridum,3,15,0,0,9729,3
Oncosperma_tigillarium,3,12,0,0,14484,3
Orania_archboldiana,7,8,0,0,10280,5
Orania_dafonsoroensis,1,7,0,0,9281,1
Orania_disticha,6,8,0,0,11183,3
Orania_ferruginea,1,7,0,0,7898,1
Orania_gagavu,1,8,0,0,2829,1
Orania_glauca,2,7,0,0,686,1
Orania_lauterbachiana,12,14,1,0,17510,11
Orania_longisquama,25,36,0,1,8696,13
Orania_longistaminodia,2,7,0,0,4413,1
Orania_macropetala,3,7,0,0,6679,2
Orania_palindan,6,7,0,0,4346,7
Orania_ravaka,10,12,0,0,17335,7
Orania_regalis,4,8,0,0,12971,5
Orania_sylvicola,2,13,0,0,1862,2
Orania_trispatha,14,24,0,0,7082,7
Oraniopsis_appendiculata,42,43,0,0,10409,11
Parajubaea_cocoides,7,14,0,0,719,5
Parajubaea_sunkha,3,14,0,0,3878,3
Parajubaea_torallyi,6,13,0,0,1036,4
Pelagodoxa_henryana,4,14,0,0,4892,3
Phoenix_acaulis,2,11,0,0,507,2
Phoenix_caespitosa,4,12,0,0,4762,4
Phoenix_canariensis,993,788,91,14,22113,267
Phoenix_dactylifera,1007,544,341,22,121681,341
Phoenix_loureiroi,34,28,9,0,30046,24
Phoenix_paludosa,4,15,0,0,11602,5
Phoenix_pusilla,4,12,0,0,3909,3
Phoenix_reclinata,379,227,133,26,42185,261
Phoenix_roebelenii,31,28,8,2,51170,32
Phoenix_rupicola,7,12,1,0,12054,5
Phoenix_sylvestris,2,17,0,0,9054,3
Phoenix_theophrasti,8,17,0,0,7119,5
Pholidocarpus_ihur,2,7,0,0,5351,2
Pholidocarpus_macrocarpus,1,12,0,0,757,1
Pholidocarpus_majadum,2,13,0,0,9,2
Pholidostachys_dactyloides,81,88,3,13,9346,43
Pholidostachys_kalbreyeri,4,14,0,0,2778,4
Pholidostachys_occidentalis,8,13,0,0,3003,7
Pholidostachys_panamensis,14,14,0,0,1622,6
Pholidostachys_pulchra,102,90,5,1,7570,34
Pholidostachys_sanluisensis,3,13,0,0,2170,3
Pholidostachys_synanthera,121,105,9,7,7218,102
Physokentia_avia,1,7,0,0,76,1
Physokentia_insolita,2,7,0,0,2844,3
Phytelephas_aequatorialis,36,36,1,2,8717,18
Phytelephas_macrocarpa,114,90,10,0,12882,92
Phytelephas_schottii,2,13,0,0,3276,2
Phytelephas_seemannii,21,23,3,0,13806,17
Phytelephas_tenuicaulis,73,79,0,0,3952,46
Phytelephas_tumacana,3,14,0,0,1119,2
Pigafetta_filaris,5,8,0,0,10500,7
Pinanga_albescens,4,13,0,0,2025,3
Pinanga_annamensis,1,13,0,0,892,1
Pinanga_aristata,5,12,0,0,2442,5
Pinanga_auriculata,1,13,0,0,1552,1
Pinanga_baviensis,29,35,2,4,26593,32
Pinanga_caesia,1,8,0,0,2962,1
Pinanga_capitata,9,12,0,0,1854,8
Pinanga_celebica,1,7,0,0,3034,1
Pinanga_copelandii,1,5,0,0,1011,1
Pinanga_coronata,10,14,0,0,14796,8
Pinanga_crassipes,1,12,0,0,394,1
Pinanga_cupularis,2,12,0,0,286,2
Pinanga_declinata,9,12,0,0,9222,6
Pinanga_disticha,1,12,0,0,1683,1
Pinanga_forbesii,1,12,0,0,1441,1
Pinanga_gracilis,6,12,1,0,19503,6
Pinanga_humilis,1,13,0,0,1098,1
Pinanga_insignis,1,15,0,0,657,3
Pinanga_javana,3,15,0,0,11885,3
Pinanga_lepidota,12,13,0,0,5154,11
Pinanga_maculata,2,5,0,0,1391,1
Pinanga_malaiana,1,13,0,0,924,1
Pinanga_mirabilis,2,12,0,0,4228,2
Pinanga_negrosensis,1,13,0,0,34,1
Pinanga_paradoxa,2,12,0,0,11255,2
Pinanga_patula,12,11,1,0,12134,12
Pinanga_philippinensis,1,13,0,0,297,1
Pinanga_pilosa,12,13,0,0,3042,6
Pinanga_polymorpha,1,13,0,0,109,1
Pinanga_quadrijuga,2,12,0,0,8762,2
Pinanga_rivularis,3,12,0,0,600,2
Pinanga_rumphiana,17,21,1,0,4021,15
Pinanga_salicifolia,8,13,0,0,2110,8
Pinanga_sessilifolia,1,12,0,0,1330,1
Pinanga_sibuyanensis,2,12,0,0,13270,2
Pinanga_simplicifrons,3,13,0,0,1921,3
Pinanga_subintegra,1,11,0,0,357,1
Pinanga_sylvestris,8,19,1,0,49635,9
Pinanga_tashiroi,2,13,0,0,3373,2
Pinanga_tenella,7,13,0,0,2172,5
Pinanga_tomentella,2,12,0,0,662,2
Pinanga_variegata,7,11,1,0,5156,5
Pinanga_yassinii,2,13,0,0,382,1
Plectocomia_elmeri,1,13,0,0,126,2
Plectocomia_elongata,12,9,3,0,26166,9
Plectocomia_himalayana,7,12,0,0,5575,6
Plectocomia_microstachys,4,13,0,0,7350,4
Plectocomia_mulleri,29,35,1,0,2666,22
Plectocomia_pierreana,11,11,1,0,6288,10
Plectocomiopsis_geminiflora,40,45,6,0,8333,29
Plectocomiopsis_mira,19,26,0,0,2113,15
Plectocomiopsis_songthanhensis,1,13,0,0,12,1
Plectocomiopsis_triquetra,6,12,0,0,1137,5
Podococcus_acaulis,38,37,0,1,16496,20
Podococcus_barteri,68,69,3,0,18330,40
Pogonotium_divaricatum,2,12,0,0,227,1
Pogonotium_ursinum,9,12,0,0,8537,5
Ponapea_hentyi,1,7,0,0,4268,2
Prestoea_acuminata,45,46,2,1,10010,160
Prestoea_carderi,35,40,0,0,16179,18
Prestoea_decurrens,171,139,10,5,13371,86
Prestoea_ensiformis,62,68,3,6,6807,38
Prestoea_longipetiolata,34,36,0,1,7767,20
Prestoea_pubens,18,26,0,0,8300,9
Prestoea_pubigera,2,12,0,0,863,1
Prestoea_schultzeana,60,54,5,0,5284,69
Prestoea_simplicifolia,11,13,0,0,4551,3
Prestoea_tenuiramosa,6,13,0,0,642,4
Pritchardia_bakeri,2,5,0,0,223,1
Pritchardia_forbesiana,1,5,0,0,491,1
Pritchardia_hillebrandii,2,5,0,0,12017,1
Pritchardia_kahukuensis,1,5,0,0,233,1
Pritchardia_maideniana,6,10,0,0,20322,5
Pritchardia_martii,4,5,0,0,23880,4
Pritchardia_munroi,2,5,0,0,3563,2
Pritchardia_napaliensis,1,5,0,0,1046,1
Pritchardia_pacifica,6,13,1,0,20915,8
Pritchardia_thurstonii,1,5,0,0,1358,1
Pritchardia_waialealeana,1,5,0,0,9,1
Pseudophoenix_sargentii,23,36,0,3,489,17
Pseudophoenix_vinifera,2,13,0,0,41,2
Ptychococcus_lepidotus,5,7,0,0,13102,5
Ptychococcus_paradoxus,23,21,1,0,5353,15
Ptychosperma_burretianum,2,8,0,0,4574,2
Ptychosperma_caryotoides,8,14,0,0,485,6
Ptychosperma_cuneatum,1,7,0,0,2418,1
Ptychosperma_elegans,82,72,12,2,26044,50
Ptychosperma_furcatum,1,8,0,0,5516,1
Ptychosperma_gracile,3,7,0,0,259,1
Ptychosperma_lauterbachii,1,7,0,0,1920,2
Ptychosperma_lineare,1,8,0,0,704,2
Ptychosperma_macarthurii,57,49,1,3,30597,31
Ptychosperma_microcarpum,7,7,0,0,15231,3
Ptychosperma_mooreanum,2,8,0,0,376,2
Ptychosperma_ramosissimum,1,8,0,0,1059,1
Ptychosperma_rosselense,6,8,0,0,1976,1
Ptychosperma_salomonense,2,8,0,0,522,4
Ptychosperma_waitianum,3,7,0,0,10817,3
Raphia_africana,1,12,0,0,2248,1
Raphia_australis,5,12,0,0,3639,4
Raphia_farinifera,18,20,4,0,37039,17
Raphia_gentiliana,2,12,0,0,4634,2
Raphia_hookeri,123,105,16,3,13897,52
Raphia_laurentii,7,12,0,0,15337,6
Raphia_mambillensis,1,12,0,0,2437,1
Raphia_monbuttorum,2,12,0,0,7165,2
Raphia_palma-pinus,17,24,0,1,24073,13
Raphia_regalis,11,12,0,0,16612,10
Raphia_rostrata,1,12,0,0,2268,1
Raphia_sese,3,12,0,0,6197,3
Raphia_sudanica,561,438,31,8,11026,110
Raphia_taedigera,26,35,1,2,14166,25
Raphia_textilis,1,12,0,0,3727,1
Raphia_vinifera,43,46,2,2,12990,21
Ravenea_albicans,9,12,0,0,6979,8
Ravenea_beentjei,4,12,0,0,2832,2
Ravenea_delicatula,2,13,0,0,20681,1
Ravenea_dransfieldii,18,24,0,0,15853,14
Ravenea_glauca,17,22,2,0,21626,9
Ravenea_hildebrandtii,11,12,0,0,10630,5
Ravenea_hypoleuca,2,12,0,0,2612,1
Ravenea_julietiae,14,24,0,0,7363,10
Ravenea_krociana,5,13,0,0,2488,3
Ravenea_lakatra,11,12,0,0,26329,9
Ravenea_latisecta,3,12,0,0,2800,3
Ravenea_louvelii,7,12,0,0,1061,2
Ravenea_madagascariensis,53,60,0,0,6321,26
Ravenea_moorei,6,12,0,0,2514,3
Ravenea_musicalis,5,12,0,0,9708,1
Ravenea_nana,12,12,0,0,10852,9
Ravenea_rivularis,11,12,0,0,17988,5
Ravenea_robustior,49,59,0,1,11349,35
Ravenea_sambiranensis,80,81,3,2,25542,40
Ravenea_xerophila,16,24,1,0,5614,9
Reinhardtia_elegans,3,14,0,0,3021,3
Reinhardtia_gracilis,171,132,15,4,11969,60
Reinhardtia_koschnyana,49,43,4,0,12048,24
Reinhardtia_latisecta,41,46,2,1,6155,24
Reinhardtia_paiewonskiana,2,13,0,0,1186,1
Reinhardtia_simplex,178,135,13,3,5801,80
Retispatha_dumetosa,13,22,2,0,3286,10
Rhapidophyllum_hystrix,3,18,0,0,7592,3
Rhapis_cochinchinensis,8,12,0,0,11931,5
Rhapis_excelsa,33,36,6,5,37546,38
Rhapis_gracilis,6,13,0,0,22265,6
Rhapis_humilis,11,12,0,1,10682,12
Rhapis_micrantha,3,12,0,0,4825,3
Rhapis_puhuongensis,3,13,0,0,2026,1
Rhapis_robusta,3,21,0,0,5542,3
Rhapis_subtilis,10,13,0,0,15987,7
Rhapis_vidalii,4,13,0,0,7890,2
Rhopaloblaste_ceramica,6,8,0,0,7717,6
Rhopaloblaste_ledermanniana,16,13,2,0,5118,15
Rhopalostylis_baueri,4,7,0,0,1179,6
Rhopalostylis_sapida,1315,1235,34,28,695,157
Roystonea_altissima,1,13,0,0,667,1
Roystonea_borinquena,10,13,1,0,16717,7
Roystonea_dunlapiana,13,21,2,0,17545,8
Roystonea_lenis,1,13,0,0,2035,1
Roystonea_oleracea,14,22,3,0,41968,13
Roystonea_regia,55,48,15,11,11773,57
Roystonea_stellata,1,13,0,0,17,1
Roystonea_violacea,1,14,0,0,2651,1
Sabal_bermudana,1,15,0,0,253,1
Sabal_causiarum,5,13,0,0,5559,5
Sabal_domingensis,2,13,0,0,45,1
Sabal_etonia,22,34,0,0,3226,15
Sabal_gretherae,15,25,0,0,489,5
Sabal_mauritiiformis,97,81,11,1,9928,55
Sabal_mexicana,321,93,140,1,46907,161
Sabal_minor,279,200,16,1,35797,138
Sabal_palmetto,158,133,5,4,37562,104
Sabal_pumos,28,38,7,0,56060,16
Sabal_rosei,38,27,14,0,44624,23
Sabal_uresana,44,34,10,0,44088,24
Sabal_yapa,112,84,6,8,3758,63
Salacca_affinis,2,13,0,0,1823,2
Salacca_dolicholepis,3,13,0,0,1547,2
Salacca_glabrescens,1,12,0,0,118,1
Salacca_lophospatha,1,13,0,0,1172,1
Salacca_vermicularis,3,12,0,0,3050,3
Salacca_wallichiana,4,13,0,1,4433,5
Salacca_zalacca,4,8,0,0,51903,5
Saribus_chocolatinus,3,8,0,0,7044,3
Saribus_jeanneneyi,4,8,0,0,1953,1
Saribus_rotundifolius,12,15,0,0,12635,12
Saribus_surru,1,8,0,0,436,1
Saribus_tothur,1,7,0,0,1080,1
Saribus_woodfordii,3,7,0,0,2045,2
Satranala_decussilvae,19,24,0,0,5674,9
Schippia_concolor,24,26,0,0,4403,10
Sclerosperma_mannii,23,22,2,0,21130,18
Sclerosperma_profizianum,5,12,0,0,8643,4
Sclerosperma_walkeri,10,12,0,0,16586,7
Serenoa_repens,215,169,5,2,27435,133
Socratea_exorrhiza,325,219,17,10,12660,400
Socratea_hecatonandra,9,13,0,0,6113,6
Socratea_montana,5,13,0,0,374,3
Socratea_rostrata,33,40,0,0,2877,21
Socratea_salazarii,91,78,5,2,12109,43
Sommieria_leucophylla,31,28,2,0,2751,15
Syagrus_allagopteroides,24,26,0,1,15224,21
Syagrus_amara,2,12,0,0,2100,3
Syagrus_botryophora,28,25,1,0,12192,22
Syagrus_caerulescens,7,13,0,0,1359,2
Syagrus_campestris,4,14,0,0,21300,4
Syagrus_campylospatha,23,24,1,1,808,14
Syagrus_cardenasii,20,24,0,0,17219,12
Syagrus_cearensis,12,12,0,0,4059,11
Syagrus_cerqueirana,1,13,0,0,1339,1
Syagrus_cocoides,51,41,6,1,19257,40
Syagrus_comosa,123,110,14,9,14503,93
Syagrus_coronata,116,104,11,8,10482,77
Syagrus_deflexa,15,26,1,0,10580,6
Syagrus_duartei,6,14,0,0,5620,2
Syagrus_evansiana,8,12,0,0,15123,5
Syagrus_flexuosa,148,128,12,17,7404,105
Syagrus_glaucescens,37,35,2,0,9532,16
Syagrus_glazioviana,56,54,3,0,4430,35
Syagrus_gouveiana,6,13,0,0,732,1
Syagrus_graminifolia,33,31,5,1,6171,28
Syagrus_harleyi,79,77,2,2,2988,20
Syagrus_inajai,47,44,5,0,15152,40
Syagrus_itacambirana,2,13,0,0,4613,1
Syagrus_kellyana,2,13,0,0,8207,1
Syagrus_lilliputiana,3,12,0,0,1516,3
Syagrus_loefgrenii,16,26,0,0,6572,8
Syagrus_longipedunculata,1,13,0,0,430,1
Syagrus_lorenzoniorum,2,13,0,0,68,1
Syagrus_macrocarpa,14,14,0,0,12317,8
Syagrus_mendanhensis,6,13,0,0,2682,2
Syagrus_microphylla,37,37,1,2,4834,15
Syagrus_minor,3,14,0,0,7182,2
Syagrus_oleracea,48,47,10,1,12521,39
Syagrus_orinocensis,88,79,3,3,10081,52
Syagrus_petraea,148,112,19,3,18690,87
Syagrus_picrophylla,9,13,0,0,777,4
Syagrus_pleioclada,21,24,0,0,8747,12
Syagrus_pleiocladoides,1,13,0,0,2094,1
Syagrus_procumbens,2,13,0,0,20,1
Syagrus_pseudococos,25,28,0,1,8385,12
Syagrus_romanzoffiana,331,238,22,36,18137,192
Syagrus_rupicola,1,13,0,0,695,1
Syagrus_ruschiana,20,25,0,0,5018,12
Syagrus_sancona,61,48,10,6,20081,51
Syagrus_schizophylla,42,51,2,1,8479,31
Syagrus_smithii,25,38,1,2,10575,21
Syagrus_stenopetala,2,13,0,0,2454,2
Syagrus_stratincola,4,14,0,0,10499,3
Syagrus_vagans,35,40,0,0,2839,28
Syagrus_vermicularis,1,12,0,0,1758,1
Syagrus_werdermannii,14,26,0,2,7559,7
Synechanthus_fibrosus,101,99,2,4,7164,48
Synechanthus_warscewiczianus,225,178,10,21,10217,118
Tahina_spectabilis,5,12,0,0,364,2
Thrinax_parviflora,6,14,0,0,24966,7
Thrinax_radiata,80,83,0,4,767,68
Trachycarpus_fortunei,278,234,9,4,34491,149
Trachycarpus_geminisectus,5,12,0,0,3029,2
Trachycarpus_martianus,1,17,0,0,1488,1
Trachycarpus_nanus,1,18,0,0,2077,1
Trachycarpus_princeps,4,17,0,0,2607,1
Trithrinax_acanthocoma,4,12,1,0,32429,4
Trithrinax_brasiliensis,18,27,0,1,13310,16
Trithrinax_campestris,11,13,1,0,17853,11
Trithrinax_schizophylla,47,42,7,1,8624,37
Veitchia_arecina,2,7,0,0,14125,2
Veitchia_joannis,1,13,0,0,3612,1
Veitchia_subdisticha,2,7,0,0,555,2
Veitchia_vitiensis,1,5,0,0,431,1
Voanioala_gerardii,8,12,0,0,7049,6
Wallichia_caryotoides,12,10,3,0,17030,11
Wallichia_gracilis,18,23,2,2,18615,18
Wallichia_oblongifolia,1,12,0,0,51,1
Washingtonia_filifera,311,187,33,9,74533,107
Washingtonia_robusta,230,169,21,8,38225,113
Welfia_regia,67,58,4,0,9090,64
Wendlandiella_gracilis,75,75,2,0,7620,36
Wettinia_aequalis,44,50,2,2,7891,30
Wettinia_aequatorialis,20,25,0,0,1424,8
Wettinia_anomala,27,37,0,0,1676,12
Wettinia_augusta,110,102,3,9,8864,60
Wettinia_castanea,12,13,0,0,1630,7
Wettinia_disticha,6,14,0,0,244,6
Wettinia_drudei,75,70,2,1,5958,46
Wettinia_fascicularis,45,49,2,0,1604,24
Wettinia_hirsuta,13,14,0,0,9930,11
Wettinia_kalbreyeri,79,76,6,1,4357,41
Wettinia_lanata,1,13,0,0,222,1
Wettinia_longipetala,35,37,0,0,2789,20
Wettinia_maynensis,131,117,5,10,6185,61
Wettinia_microcarpa,4,13,0,0,146,4
Wettinia_minima,6,14,0,0,694,3
Wettinia_oxycarpa,17,26,1,2,2324,9
Wettinia_panamensis,3,13,0,0,2189,3
Wettinia_praemorsa,78,73,10,3,11650,43
Wettinia_quinaria,52,59,1,1,6788,51
Wettinia_radiata,69,67,4,1,9134,34
Wettinia_verruculosa,7,13,0,0,254,4
Wodyetia_bifurcata,16,11,3,1,33322,9
Zombia_antillarum,3,12,0,0,9815,4
